型番,紹介記号,器具種別
NNFB84665,E1a,
NNFB84695,E1a黒,
NNFB87609,E2a,
NNFB87649,E2a黒,
NNFB84005,E3a,
NNFB84045,E3a黒,
NNFB84715,E4a,
NNLG01509,E5a,
NNFB84105,E6a,
NNFB87009,E7a,
NNFB87049,E7a黒,
NNFB87109,E8a,
NNFB87919,E9a,
FA40356C LE1,X1L,
FA40352C LE1,X2,
FA40316C LE1,X3L,
FA40312C LE1,X4,
FW42317C,X5Lu,
FW42317C,X6u,
FW42317C LE1,X7u,
FW42337C LE1,X8u,
FW40315 LE1,X9L,
FW42327C LE1,X10u,
FA40356C LE1,Y1L,
FA40366C LE1,Y2L,
FA40352C LE1,Y3,
FA40362C LE1,Y4,
FA40312C LE1,Y5,
FA40322C LE1,Y6,
FW42317C LE1,Y7u,
FW42337C LE1,Y8u,
FA01520J,Y9,
FSK90910K,自己点検リモコン,
